subject,Link ID,Group,Gender,Age
blast_a_001,1,Adult,F,20
blast_a_002,2,Adult,F,18
blast_a_003,3,Adult,F,19
blast_a_004,4,Adult,F,20
blast_a_005,5,Adult,M,19
blast_a_006,6,Adult,M,21
blast_a_007,7,Adult,F,19
blast_a_008,8,Adult,M,20
blast_a_009,9,Adult,F,21
blast_a_010,10,Adult,F,20
blast_a_011,11,Adult,M,19
blast_a_012,12,Adult,F,20
blast_a_013,13,Adult,F,19
blast_a_014,14,Adult,F,20
blast_a_015,15,Adult,F,20
blast_a_016,16,Adult,M,18
blast_a_017,17,Adult,M,20
blast_a_018,18,Adult,F,20
blast_a_019,19,Adult,F,19
blast_a_020,20,Adult,F,20
blast_a_021,21,Adult,F,20
blast_a_022,22,Adult,M,20
blast_a_023,23,Adult,F,20
blast_a_024,24,Adult,F,21
blast_a_025,25,Adult,F,19
blast_a_026,26,Adult,F,23
blast_a_027,27,Adult,F,18
blast_a_028,28,Adult,F,19
blast_a_029,29,Adult,F,34
blast_a_030,30,Adult,F,21
blast_a_031,31,Adult,F,21
blast_a_032,32,Adult,M,21
blast_a_033,33,Adult_Summer,F,21
blast_a_034,34,Adult_Summer,F,21
blast_a_035,35,Adult_Summer,M,19
blast_a_036,36,Adult_Summer,F,19
blast_a_037,37,Adult_Summer,F,19
blast_a_038,38,Adult_Summer,M,21
blast_a_039,39,Adult_Summer,M,24
blast_a_040,40,Adult_Summer,M,24
blast_a_041,41,Adult_Summer,F,21
blast_a_042,42,Adult_Summer,F,20
blast_a_043,43,Adult_Summer,M,25
blast_a_044,44,Adult_Summer,F,20
blast_a_045,45,Adult_Summer,M,31
blast_a_046,46,Adult_Summer,F,18
blast_a_047,47,Adult_Summer,F,27
blast_a_048,48,Adult_Summer,M,20
blast_a_049,49,Adult_Summer,F,19
blast_a_050,50,Adult_Summer,F,21
blast_a_051,51,Adult_Summer,F,19
blast_a_052,52,Adult_Summer,F,25